Canal,Tempo médio de atendimento,Tempo médio de espera,Total de atendimentos,Total de atendimentos concluídos,Média CSAT,_handle_seconds,_wait_seconds
Casa Verde,213:35:58,116:41:30,4,3,3.5,768958,420090
Coordenação,51:35:42,34:12:22,56,56,4.25,185742,123142
Financeiro,34:34:49,33:04:31,33,33,4.466666666666667,124489,119071
Orientação Pedagógica,102:21:30,88:37:31,27,27,4.076923076923077,368490,319051
Perita,51:39:47,41:25:14,8,8,4.0,185987,149114
Secretaria,12:41:32,12:25:53,4,4,4.0,45692,44753
