Canal,Tempo médio de atendimento,Tempo médio de espera,Total de atendimentos,Total de atendimentos concluídos,Média CSAT,_handle_seconds,_wait_seconds
Casa Amarela,,,4,0,,0,0
Casa Verde,881:03:26,43:17:57,18,17,4.166666666666667,3171806,155877
Coordenação,59:35:22,48:43:14,25,25,4.375,214522,175394
Financeiro,15:27:05,09:46:56,38,38,4.25,55625,35216
Orientação Pedagógica,74:26:59,24:05:42,26,26,3.8333333333333335,268019,86742
Perita,144:27:43,73:51:37,6,6,,520063,265897
Secretaria,24:01:16,24:00:40,1,1,3.0,86476,86440
